<?xml version="1.0" encoding="utf-8"?>
<edmx:Edmx Version="3.0" xmlns:edmx="http://schemas.microsoft.com/ado/2009/11/edmx">
 <!-- EF Designer content (DO NOT EDIT MANUALLY BELOW HERE) -->
  <edmx:Designer xmlns="http://schemas.microsoft.com/ado/2009/11/edmx">
    <!-- Diagram content (shape and connector positions) -->
    <edmx:Diagrams>
      <Diagram DiagramId="fbd540b84747408098c99429bf50fbd4" Name="Diagram1">
        <EntityTypeShape EntityType="NORTHWNDModel.Categories" Width="1.5" PointX="3" PointY="19.5" IsExpanded="true" />
        <EntityTypeShape EntityType="NORTHWNDModel.CustomerDemographics" Width="1.5" PointX="0.75" PointY="2.5" IsExpanded="true" />
        <EntityTypeShape EntityType="NORTHWNDModel.Customers" Width="1.5" PointX="3" PointY="1.5" IsExpanded="true" />
        <EntityTypeShape EntityType="NORTHWNDModel.Employees" Width="1.5" PointX="3" PointY="9.25" IsExpanded="true" />
        <EntityTypeShape EntityType="NORTHWNDModel.EmployeeTerritories" Width="1.5" PointX="5.25" PointY="11.125" IsExpanded="true" />
        <EntityTypeShape EntityType="NORTHWNDModel.Order_Details" Width="1.5" PointX="7.5" PointY="2.125" IsExpanded="true" />
        <EntityTypeShape EntityType="NORTHWNDModel.Orders" Width="1.5" PointX="5.25" PointY="1" IsExpanded="true" />
        <EntityTypeShape EntityType="NORTHWNDModel.Products" Width="1.5" PointX="5.25" PointY="20.875" IsExpanded="true" />
        <EntityTypeShape EntityType="NORTHWNDModel.Region" Width="1.5" PointX="0.75" PointY="6.75" IsExpanded="true" />
        <EntityTypeShape EntityType="NORTHWNDModel.Shippers" Width="1.5" PointX="3" PointY="15.25" IsExpanded="true" />
        <EntityTypeShape EntityType="NORTHWNDModel.Suppliers" Width="1.5" PointX="3" PointY="22.25" IsExpanded="true" />
        <AssociationConnector Association="NORTHWNDModel.FK_Products_Categories" ManuallyRouted="false" />
        <AssociationConnector Association="NORTHWNDModel.FK_Orders_Customers" ManuallyRouted="false" />
        <AssociationConnector Association="NORTHWNDModel.FK_Employees_Employees" ManuallyRouted="false" />
        <AssociationConnector Association="NORTHWNDModel.FK_EmployeeTerritories_Employees" ManuallyRouted="false" />
        <AssociationConnector Association="NORTHWNDModel.FK_Orders_Employees" ManuallyRouted="false" />
        <AssociationConnector Association="NORTHWNDModel.FK_Order_Details_Orders" ManuallyRouted="false" />
        <AssociationConnector Association="NORTHWNDModel.FK_Order_Details_Products" ManuallyRouted="false" />
        <AssociationConnector Association="NORTHWNDModel.FK_Orders_Shippers" ManuallyRouted="false" />
        <AssociationConnector Association="NORTHWNDModel.FK_Products_Suppliers" ManuallyRouted="false" />
        <AssociationConnector Association="NORTHWNDModel.CustomerCustomerDemo" ManuallyRouted="false" />
      </Diagram>
    </edmx:Diagrams>
  </edmx:Designer>
</edmx:Edmx>